
jgiacaponi0,Janek,Giacaponi,jgiacaponi0@discovery.com,ujUq5N4
lbrason1,Lyon,Brason,lbrason1@macromedia.com,pwNcnRZ7wrX
lrossander2,Linnell,Rossander,lrossander2@webeden.co.uk,w2EvlUQ
sroseburgh3,Steward,Roseburgh,sroseburgh3@devhub.com,r37stsKHI
schason4,Sheffield,Chason,schason4@tinypic.com,mbt4d61O7x
wphipps5,Waylan,Phipps,wphipps5@whitehouse.gov,ylUYdOxnvGFi
iohern6,Immanuel,O'Hern,iohern6@last.fm,lsXLiP0CI
sthomassen7,Sterne,Thomassen,sthomassen7@chron.com,X1GFdf
mparlot8,Marice,Parlot,mparlot8@time.com,M3t7iEWu
dtrevon9,Dur,Trevon,dtrevon9@uol.com.br,68dtgtjjNq
rwincklea,Roddie,Winckle,rwincklea@omniture.com,s8NIWxEGxm4
ltomczakb,Lilias,Tomczak,ltomczakb@cam.ac.uk,5zpJHtdv
cquigc,Caresse,Quig,cquigc@time.com,zdxQ3n6yDWS7
jalmeyd,Jobyna,Almey,jalmeyd@yahoo.com,zs27ipoFaFPp
tbrownette,Teressa,Brownett,tbrownette@hibu.com,qFmzgKWVrB
whellingf,Windy,Helling,whellingf@archive.org,32celPtuS
dmccaffreyg,Debora,McCaffrey,dmccaffreyg@theglobeandmail.com,avLpvecP
pburrowsh,Patti,Burrows,pburrowsh@deliciousdays.com,P0cJxEtKUyzM
yhumpatchi,Yorgos,Humpatch,yhumpatchi@mozilla.org,Iwj2LhBiiKOA
zmarlej,Zilvia,Marle,zmarlej@drupal.org,U3SLshUZRo
